0,"title0","description0","content0","2020-10-10"
1,"title1","description1","content1","2020-10-10"
2,"title2","description2","content2","2020-10-10"
3,"title3","description3","content3","2020-10-10"
4,"title4","description4","content4","2020-10-10"
5,"title5","description5","content5","2020-10-10"
6,"title6","description6","content6","2020-10-10"
7,"title7","description7","content7","2020-10-10"
8,"title8","description8","content8","2020-10-10"
9,"title9","description9","content9","2020-10-10"
